{"Episode distance walked": 0.06838530870115278, "Current z position": 0.06838530870115278, "Globan distance walekd": 0.24375784226141156, "_runtime": 47, "_timestamp": 1631892156, "_step": 71, "reward": 0.17982127962823374, "reward-1term-weight-pos": 0.17096327175288195, "reward-2term-diff-possition": 0.008858007875351778}