{"Episode distance walked": 0.002132546573129182, "Current z position": -0.005630317455356526, "Globan distance walekd": 0.03329478842221824, "_runtime": 4724, "_timestamp": 1631892103, "_step": 8647, "reward": -0.013216083296078429, "reward-1term-weight-pos": -0.014075793638391315, "reward-2term-diff-possition": 0.000859710342312886}